1,NL12345,John Smith,101
2,NL23456,Susan Johnson,102
3,NL34567,Michael Brown,103
4,NL45678,Lisa Davis,104
5,NL56789,David Wilson,105
6,NL67890,Linda Lee,106
7,NL78901,Robert Martinez,107
8,NL89012,Mary Taylor,108
9,NL90123,James Jones,109
10,NL01234,Patricia White,110
11,NL12345,William Anderson,111
12,NL23456,Elizabeth Harris,112
13,NL34567,Joseph Jackson,113
14,NL45678,Margaret Thomas,114
15,NL56789,Charles Miller,115
16,NL67890,Dorothy Harris,116
17,NL78901,Thomas Hall,117
18,NL89012,Barbara Robinson,118
19,NL90123,Matthew Turner,119
20,NL01234,Sarah Harris,120
21,NL12345,Christopher Lewis,121
22,NL23456,Nancy Moore,122
23,NL34567,Joseph Hill,123
24,NL45678,Karen Scott,124
25,NL56789,Daniel Green,125
26,NL67890,Donna King,126
27,NL78901,Paul Lopez,127
28,NL89012,Ruth Young,128
29,NL90123,Mark Walker,129
30,NL01234,Betty Mitchell,130
31,NL12345,Donald Turner,131
32,NL23456,Carol Martinez,132
33,NL34567,George Baker,133
34,NL45678,Kathleen Johnson,134
35,NL56789,Edward Hall,135
36,NL67890,Shirley Martinez,136
37,NL78901,Brian Davis,137
38,NL89012,Deborah White,138
39,NL90123,Ronald Garcia,139
40,NL01234,Brenda Young,140
41,NL12345,Gary Hernandez,141
42,NL23456,Susan Davis,142
43,NL34567,Timothy Allen,143
44,NL45678,Sandra Martin,144
45,NL56789,Edward Wright,145
46,NL67890,Karen Scott,146
47,NL78901,Richard Lopez,147
48,NL89012,Pamela Johnson,148
49,NL90123,Jeffrey Turner,149
50,NL01234,Deborah Lewis,150
